{"o2": 2.350831273326574e-06, "s12": 521.4134700208454, "s21": 23.289705360864783, "s4": 1408.933781687751, "s8": 2388.0966516407484, "s20": 38.81627066065643, "s13": 2388.0961523920328, "s11": 47.54116814502418, "s6": 21.609803208753878, "s14": 8143.752722117232, "o1": -8.870146866366216e-06, "s17": 393.2106538703892, "s2": 642.6809335466004, "s15": 8.44214558189131, "s7": 553.3677112112824, "s9": 9065.242940720273, "s3": 1590.5231186079263}