{"o2": 0.000293062124566125, "s12": 0.7375533922097044, "s21": 0.10825087474491232, "s4": 9.000604780543735, "s8": 0.0709854788909189, "s20": 0.18074642787366235, "s13": 0.07191891569858286, "s11": 0.2670873986396874, "s6": 0.0013889849127070525, "s14": 19.076175975953127, "o1": 0.0021873134490151044, "s17": 1.5487630246142414, "s2": 0.5000532700606122, "s15": 0.03750503795196683, "s7": 0.885092257663408, "s9": 22.08287952506627, "s3": 6.131149519690787}